index_code,expenditure_on _education_pct_gdp,mortality_rate_infant,gini_index,gdp_per_capita_ppp,inflation_consumer_prices,intentional_homicides,unemployment,gross_fixed_capital_formation,population_density,suicide_mortality_rate,tax_revenue,taxes_on_income_profits_capital,alcohol_consumption_per_capita,government_health_expenditure_pct_gdp,urban_population_pct_total,country,time,sex,rating
AUS-2012,4.86667013168335,3.6,,42866.60432950846,1.76278015613196,1.06910609399713,5.225,27.40416776604222,2.959200369680955,11.7,21.09748329615445,65.51730988641718,,6.17947626,85.402,AUS,2012,BOY,510.115
DEU-2009,4.34005403518677,3.5,30.5,36816.207175113406,0.312739007368447,0.98817859057552,7.742,19.267539752957195,234.93963741717104,12.8,11.61493705355865,15.45570018200094,,8.50175571,76.771,DEU,2009,GIRL,505.0
CHE-2018,4.93008995056152,3.6,33.1,70688.81874911941,0.936335464113563,0.587238094745934,4.713,26.602693942677057,215.5000945339149,14.5,9.691023944961016,24.509584697662792,,3.55460477,73.797,CHE,2018,TOT,515.0
ISR-2006,5.59218978881836,4.3,41.6,26336.428219935853,2.06352636127917,2.2394361187674,10.707,22.32242769969071,325.956561922366,5.5,25.314346886232247,33.1115809174756,,4.30434084,91.58,ISR,2006,TOT,442.0
USA-2003,6.3286075592041,6.9,40.8,39490.27495570071,2.27009497336115,,5.989,21.62262062806869,31.664534617198143,11.7,9.39069910317543,50.1184235531497,,6.52333498,79.583,USA,2003,BOY,486.0
PRT-2003,5.28152990341187,4.3,38.8,20852.147027689945,3.21899090682895,,6.132,23.76044290318819,114.30405464480874,11.9,19.88117057210492,20.172870952975146,,6.44214296,56.287,PRT,2003,TOT,466.0
NZL-2009,6.50176286697388,5.2,,30679.03520077485,2.1156511055456,1.55709429007714,6.121,20.173231021013137,16.34043522843796,11.5,29.685513131281944,55.99073108950433,,7.4772172,86.22,NZL,2009,TOT,519.0
CAN-2012,4.69258737564087,4.8,33.5,42290.96541027452,1.51567823124517,1.58250294806031,7.392,24.494186476065902,3.871939493106421,11.8,11.664427363103757,53.04289797974289,,7.40953112,81.137,CAN,2012,BOY,523.154
IRL-2006,4.54742002487183,4.1,32.7,44229.524581343365,3.9316398954053,1.46405744866973,4.415,30.986691634222748,62.034997822615765,10.9,26.81881277460304,39.38866542891898,,5.84971762,60.738,IRL,2006,BOY,507.0
BRA-2009,5.46355009078979,17.5,53.7,13222.74887800148,4.88803479876799,26.4557107555774,9.419,19.10195804224436,23.272827327611168,5.1,,,,3.70742011,84.044,BRA,2009,TOT,386.0
MEX-2018,4.2542200088501,12.6,46.7,21015.92575568151,4.89935015356551,29.5813706276697,3.275,23.047472792330385,63.79477918670748,5.4,12.712157296324468,37.703936915159744,,2.67172027,80.156,MEX,2018,BOY,415.0
POL-2018,4.60506010055542,3.9,30.2,32027.602733555774,1.81295156542679,0.708695944557548,3.846,18.73528689785028,124.03158376065583,12.7,17.355182632919917,12.998262399527896,,4.49809456,60.058,POL,2018,TOT,516.0
AUS-2003,5.24635744094849,4.9,33.5,30121.81841773372,2.73259596616786,1.53307282263429,5.933,26.0502946054578,2.567035523215704,10.5,24.299969618033938,62.72654565523435,,5.62377834,84.343,AUS,2003,BOY,527.0
EST-2012,4.71772003173828,3.1,32.9,25996.04677795081,3.93339987296985,4.76304962190459,10.021,28.71008147602329,31.203019580089645,21.1,19.952075947990817,18.21270310192024,,4.44167042,67.974,EST,2012,BOY,523.214
ITA-2018,4.25614023208618,2.7,35.2,43036.24377703666,1.13748763600391,0.599558175726844,10.61,17.846136979793055,204.32222590440887,6.7,24.238180702263847,31.38561751941881,,6.41253042,70.438,ITA,2018,BOY,494.0
ISL-2015,7.4579701423645,2.1,26.8,49201.064096455295,1.63305558181326,0.906181517219714,3.979,19.333024810776948,3.2999002493765586,14.3,22.689444117931423,27.97337190943436,7.84791,6.52118731,93.7,ISL,2015,TOT,488.0
MEX-2015,5.22942018508911,13.9,,19217.8587908168,2.72064064964023,17.2800813969903,4.311,23.164183001272644,61.80709226060341,5.6,12.345975783405413,34.72228312474566,5.15441,2.98734331,79.285,MEX,2015,TOT,408.0
KOR-2006,,4.4,31.7,26884.26732833584,2.24234028518921,0.865105342912209,3.254,30.49343104599585,499.98236994219656,23.7,13.727535211512713,29.29215340137672,,2.91707134,81.528,KOR,2006,GIRL,543.0
EST-2012,4.71772003173828,3.1,32.9,25996.04677795081,3.93339987296985,4.76304962190459,10.021,28.71008147602329,31.203019580089645,21.1,19.952075947990817,18.21270310192024,,4.44167042,67.974,EST,2012,GIRL,517.93
JPN-2015,3.22902536392212,2.0,,40898.80697396,0.795279630579839,0.285263134377176,3.385,24.97145617465717,348.8093278463649,19.1,,,6.71821,9.03866768,91.381,JPN,2015,BOY,539.0
BEL-2012,6.25576496124268,3.5,27.5,42290.76205200192,2.83966343445899,,7.542,22.96188745663556,366.8075297225892,20.8,25.82414125006117,35.36614635594188,,8.02982998,97.744,BEL,2012,GIRL,508.935
LUX-2009,4.86713409423828,2.4,31.2,86876.71964292895,0.368041997888887,1.00428225955474,5.122,18.01924741867268,193.3543345012158,11.3,23.8391085158098,28.34604489696396,,6.02683735,88.178,LUX,2009,TOT,489.0
LUX-2012,3.87815999984741,2.3,34.3,96636.426643956,2.66284165508021,0.0,5.14,19.177531611302854,206.235870823396,11.3,24.4278271542178,28.83739578800068,,4.4276371,89.249,LUX,2012,TOT,490.0
HUN-2012,4.14249992370605,4.8,30.8,23267.44839290897,5.65214517088646,1.24973203830187,11.003,19.14969708032633,109.58093449685188,24.8,22.867797986600586,15.377636963834524,,4.80347204,69.678,HUN,2012,TOT,477.0
NOR-2012,7.32766008377075,2.5,25.7,65774.35207462238,0.696864111498362,0.537949765852383,3.123,22.305219903442143,13.740329752165676,11.4,26.87254322878151,31.94455501474181,,7.43971157,79.874,NOR,2012,TOT,489.0
IRL-2012,,3.4,33.2,46283.72896610626,1.69620897294548,1.13921416130834,15.451,19.62276524713603,66.76633763971549,12.4,22.51982211008793,36.73018411508284,,7.62500095,61.942,IRL,2012,BOY,509.035
ESP-2003,4.1734299659729,4.1,31.8,25047.39727322203,3.03888839396655,1.38999820046144,11.283,27.098618164050325,84.50881392600309,8.5,,,,5.37777996,76.778,ESP,2003,TOT,485.0
CHL-2018,5.473060131073,6.3,,25564.536716894498,2.43488981353057,4.41142252575542,7.235,23.049792647462223,25.152179058870363,8.8,18.39552449841113,36.6793840750524,,4.65451145,87.564,CHL,2018,BOY,421.0
SWE-2018,7.64084005355835,2.2,30.0,53521.630642828844,1.95353530127028,1.06275175162153,6.365,25.17963857303162,24.9814588688378,14.9,27.909146603384293,15.54985534673548,,9.27633858,87.431,SWE,2018,GIRL,503.0
POL-2009,4.98976993560791,5.4,33.4,19240.13433881725,3.79539242483406,1.00375345434165,8.167,21.443486816931177,124.56446062426538,19.2,16.05189409813961,13.777004950666758,,4.72637177,61.004,POL,2009,TOT,495.0
MEX-2009,5.18794012069702,17.0,,15443.201616930332,5.29735584228856,17.8325996517848,5.356,22.77438580877733,57.125660639419735,4.6,9.234604860644758,27.49034333718387,,2.86067653,77.52,MEX,2009,BOY,425.0
ITA-2003,4.54179000854492,4.1,34.9,29198.3992679196,2.6725555277285,,8.869,20.875315087217743,193.8103294354757,7.4,22.76357266243214,32.22041866136577,,5.90086746,67.501,ITA,2003,BOY,475.0
AUS-2018,5.12431001663208,3.2,34.3,50251.335338146906,1.91140094445691,0.884735037869462,5.3,24.365257670254937,3.245344915899855,12.4,23.177203056825377,65.1641514705453,,7.20352697,86.012,AUS,2018,GIRL,488.0
BRA-2003,,25.1,57.6,9693.555482296484,14.7149197228147,27.9604675434352,11.169,16.60475915356877,21.85046888422544,4.3,,,,3.50954437,82.203,BRA,2003,TOT,356.0
NZL-2006,,5.4,,27732.755552514125,3.36540196171993,1.17225497359077,3.857,23.913397362852027,15.892294253921234,13.1,31.98588404920816,58.17246624535433,,6.67046022,86.4,NZL,2006,BOY,527.0
ISR-2012,5.58893013000488,3.4,41.6,32322.693523719856,1.67920719398061,1.68596170812157,6.762,23.39227081956788,365.5499075785583,6.1,21.71224851029058,28.309094406931568,,4.43309879,91.96,ISR,2012,TOT,466.0
ESP-2012,4.46931982040405,2.9,35.4,31720.273815697223,2.44612782366809,0.778508352972222,24.788,18.52752001737943,93.50683712840608,7.7,11.762925951213456,16.077314706357875,,6.60091925,78.902,ESP,2012,TOT,484.0
CHE-2015,4.99559020996094,3.7,32.3,65265.04573355997,-1.14390867228183,0.688261827356886,4.801,26.411204107328423,209.62662075113204,15.0,9.556179016647478,22.57341347865874,10.69437,3.50238061,73.718,CHE,2015,BOY,527.0
FIN-2009,6.45955991744995,2.6,27.5,37972.65125500852,-9.17360384430342e-07,2.24768979633121,8.25,22.954986877362487,17.567854557420205,20.4,18.88284263289077,15.061888856983089,,7.23975039,83.429,FIN,2009,BOY,542.0
DNK-2012,7.23782014846802,3.5,27.8,44803.968242121424,2.3979148566464,0.839141936305735,7.798,18.777700936708225,139.7893,12.8,33.44639821204139,41.86684023920791,,8.87701893,87.142,DNK,2012,GIRL,493.029
GBR-2015,5.55358982086182,3.9,33.3,42496.85429092182,0.36804684232536,0.99962645860372,5.301,17.37445935220885,269.153139337825,8.8,25.04916640185426,34.13996786693129,10.51561,7.84124422,82.626,GBR,2015,TOT,492.0
BRA-2015,6.24105978012085,14.3,51.9,14692.632306695585,9.02990102416136,28.3564057690353,8.538,17.835807042511682,24.549505631635743,5.9,13.62962936540766,22.86358319357933,8.19602,3.85384917,85.77,BRA,2015,GIRL,370.0
BRA-2015,6.24105978012085,14.3,51.9,14692.632306695585,9.02990102416136,28.3564057690353,8.538,17.835807042511682,24.549505631635743,5.9,13.62962936540766,22.86358319357933,8.19602,3.85384917,85.77,BRA,2015,BOY,385.0
SVN-2018,4.93455982208252,1.9,24.6,38971.82411622207,1.7386086198818,0.427365849859729,5.126,19.333039790654663,102.99229256470868,17.8,18.520786854228813,12.109708820622272,,5.99481487,54.541,SVN,2018,TOT,509.0
IRL-2003,4.20493984222412,5.1,32.9,36284.92797691818,3.49048968029137,0.934649083475531,4.478,24.911072058199583,58.013078821309335,12.1,24.160739179045592,40.25844076124528,,5.51941919,59.925,IRL,2003,TOT,503.0
SWE-2003,6.79142999649048,3.2,25.3,31816.47009972515,1.92565534892391,0.948501236929304,5.555,21.645606093615395,21.99203514904145,14.4,26.894480629364857,10.714265945304447,,6.91412878,84.196,SWE,2003,GIRL,506.0
MEX-2009,5.18794012069702,17.0,,15443.201616930332,5.29735584228856,17.8325996517848,5.356,22.77438580877733,57.125660639419735,4.6,9.234604860644758,27.49034333718387,,2.86067653,77.52,MEX,2009,TOT,419.0
ISR-2018,6.06284999847412,2.9,38.6,40231.90525811143,0.794075660242718,1.37172864889576,3.917,23.138871302008223,410.48059149722735,5.4,22.69560492144567,31.59297984375885,,4.71212816,92.418,ISR,2018,GIRL,467.0
USA-2018,4.92889022827148,5.6,41.4,62823.30943819728,2.44258329692817,4.92984830231435,3.896,20.91814158376611,35.730096464358255,15.7,9.989242073567343,51.64235117810612,,8.53671169,82.256,USA,2018,GIRL,474.0
NZL-2015,5.70862293243408,4.6,,37479.68298001293,0.292704628136101,1.04561723002926,5.415,22.864807707370566,17.50560176218146,11.7,27.41783504347145,51.55513338097906,9.69342,6.93415546,86.341,NZL,2015,TOT,495.0
FIN-2012,7.14803981781006,2.3,27.1,40873.095332606616,2.80833622561574,1.64392918654967,7.689,23.077841392380503,17.815561551877323,17.0,20.13559692991837,14.72185334683198,,7.64987421,84.841,FIN,2012,TOT,519.0
GRC-2006,3.67875790596008,3.8,35.1,28547.296562333177,3.19594684144545,0.990447315721199,8.906,23.685874692685584,85.49543832428239,3.7,19.97920073723145,19.539072076117428,,5.08809328,74.827,GRC,2006,GIRL,457.0
EST-2006,5.85676240921021,5.1,33.7,19344.05182928484,4.43762042389213,,5.915,36.80028565259015,31.7718801604152,20.9,19.959274607504053,20.29190974605353,,3.56107664,68.607,EST,2006,GIRL,514.0
ISL-2003,7.24507999420166,2.7,26.8,32700.89215793821,2.05566329753742,,3.997,21.43241997080825,2.887990024937656,12.5,23.677082333855395,27.330529773607253,,7.9075551,92.789,ISL,2003,TOT,515.0
NOR-2015,7.52334976196289,2.2,27.5,60737.8868132779,2.17113665389527,0.462395983782617,4.296,23.689573421106687,14.207938482551718,12.5,22.088548816474948,22.248280483238407,6.82976,8.66388416,81.091,NOR,2015,TOT,502.0
BEL-2009,6.45809984207153,3.8,28.6,37749.90918977529,-0.0531456741253769,,7.908,22.784501409634466,356.555250990753,20.6,23.781462787266417,34.09460413894011,,7.87510586,97.603,BEL,2009,BOY,526.0
NLD-2003,5.0404200553894,4.8,,34151.35354429706,2.09199838997655,1.25251285391316,3.593,20.59944228856692,480.6072867298578,9.6,20.35373725161366,24.53016231974149,,6.34328508,80.341,NLD,2003,TOT,538.0
NZL-2009,6.50176286697388,5.2,,30679.03520077485,2.1156511055456,1.55709429007714,6.121,20.173231021013137,16.34043522843796,11.5,29.685513131281944,55.99073108950433,,7.4772172,86.22,NZL,2009,BOY,523.0
PRT-2015,4.88554000854492,3.0,35.5,29660.896067252623,0.48793862390472,0.96474480015818,12.447,15.517219303901946,113.07251958395555,13.2,22.788719105427333,25.2793192746128,10.53851,5.74543333,63.514,PRT,2015,TOT,492.0
SWE-2015,7.4439001083374,2.4,29.2,49103.13343387062,-0.0467847449832812,1.13713104983543,7.432,23.753435653812843,24.05826177288175,15.7,27.136841709952183,15.873863286204648,9.4453,9.07129955,86.553,SWE,2015,BOY,493.0
NZL-2012,6.16936111450195,5.0,,32988.60975976132,1.05991318445632,0.929645241707196,6.931,20.75737163718625,16.74110364209487,12.7,26.91006441705098,48.95021065521035,,7.57742262,86.161,NZL,2012,TOT,500.0
ITA-2006,4.52545022964478,3.7,33.7,32451.493477489028,2.09084391012754,1.06965777437625,6.777,21.580372809249106,196.61968158854043,6.7,23.32782116779765,34.63800562574693,,6.55959702,67.856,ITA,2006,TOT,462.0
CHL-2012,4.54170417785645,7.2,,21584.681267262484,3.00744840213047,2.50262790345923,6.637,26.75266240666065,23.323503225147,10.5,18.99105955369864,30.36063147684504,,3.36552095,87.189,CHL,2012,BOY,435.525
EST-2009,5.96005010604858,3.9,31.4,20478.09003310197,-0.0784083112809768,5.2452078469808,13.548,22.67824551849382,31.48183533852324,23.3,21.521023140909445,18.010963060003792,,5.05453777,68.223,EST,2009,BOY,516.0
MEX-2012,5.10309982299805,15.4,48.7,18170.02464254332,4.11150981070289,22.4325481302212,4.887,23.68820733824025,59.54675223128167,4.9,9.35241106304745,27.07745799073125,,3.00721955,78.405,MEX,2012,TOT,413.0
JPN-2015,3.22902536392212,2.0,,40898.80697396,0.795279630579839,0.285263134377176,3.385,24.97145617465717,348.8093278463649,19.1,,,6.71821,9.03866768,91.381,JPN,2015,TOT,532.0
SVN-2006,5.59066009521484,3.3,24.4,25718.76219893451,2.45792444195865,0.595956583569626,5.993,27.745546195384406,99.64587884806356,27.9,20.893860031577034,16.693709513538398,,5.61257124,51.758,SVN,2006,BOY,507.0
FRA-2018,5.40716981887817,3.4,32.4,46537.47404425914,1.85081508315503,1.08279984503205,9.018,22.892634301271187,122.65088018233718,14.2,24.17084372484985,27.45462610148688,,8.49712181,80.444,FRA,2018,GIRL,492.0
EST-2015,5.14418983459473,2.4,32.7,29175.92592678935,-0.49232600654737,3.42294736305643,6.187,24.494185114875112,30.260110420979988,15.9,21.64006428659436,20.8544135397874,15.05872,4.94316053,68.416,EST,2015,BOY,522.0
CAN-2003,,5.3,33.8,32349.94366086768,2.75856321360112,1.73627308507896,7.574,20.01240095573433,3.529497556769828,12.4,13.22893471327173,50.348114846650304,,6.59055662,79.967,CAN,2003,BOY,541.0
IRL-2012,,3.4,33.2,46283.72896610626,1.69620897294548,1.13921416130834,15.451,19.62276524713603,66.76633763971549,12.4,22.51982211008793,36.73018411508284,,7.62500095,61.942,IRL,2012,GIRL,493.705
DEU-2012,4.92844009399414,3.4,31.1,43359.61482717231,2.00848884782956,0.808137138983971,5.379,20.32109306417125,230.75062546623056,12.9,11.622986110858156,16.09640737277509,,8.18770885,77.17,DEU,2012,GIRL,506.625
SWE-2009,6.74971008300781,2.6,27.3,40279.87700556301,-0.494460544377991,0.999848087597013,8.351,22.493787350347947,22.82742143719357,15.7,27.233538461262185,13.034485027794156,,7.23678303,84.902,SWE,2009,TOT,494.0
NLD-2009,5.43156003952026,3.9,27.9,44557.39385794519,1.1897768702155,0.931289716822917,4.347,21.305866122955884,490.0796916691373,9.5,20.9443347278192,25.98957760538716,,6.8005991,86.288,NLD,2009,TOT,526.0
DEU-2009,4.34005403518677,3.5,30.5,36816.207175113406,0.312739007368447,0.98817859057552,7.742,19.267539752957195,234.93963741717104,12.8,11.61493705355865,15.45570018200094,,8.50175571,76.771,DEU,2009,TOT,513.0
FRA-2009,5.73407077789307,3.2,32.7,34676.36399426764,0.0876204781574552,1.3189829703999,9.122,22.067503880868944,118.18108251743654,18.4,20.70142768466791,23.06392814753493,,7.97806454,78.117,FRA,2009,GIRL,489.0
USA-2003,6.3286075592041,6.9,40.8,39490.27495570071,2.27009497336115,,5.989,21.62262062806869,31.664534617198143,11.7,9.39069910317543,50.1184235531497,,6.52333498,79.583,USA,2003,GIRL,480.0
EST-2006,5.85676240921021,5.1,33.7,19344.05182928484,4.43762042389213,,5.915,36.80028565259015,31.7718801604152,20.9,19.959274607504053,20.29190974605353,,3.56107664,68.607,EST,2006,TOT,515.0
AUS-2012,4.86667013168335,3.6,,42866.60432950846,1.76278015613196,1.06910609399713,5.225,27.40416776604222,2.959200369680955,11.7,21.09748329615445,65.51730988641718,,6.17947626,85.402,AUS,2012,TOT,504.0
NLD-2006,5.04402017593384,4.3,30.0,41011.1526382863,1.10150106517702,0.784040992603247,5.002,21.0409445963192,484.18545616113744,9.6,21.60001094866785,25.5292159236576,,5.99285603,83.636,NLD,2006,TOT,531.0
NOR-2003,7.39933013916016,3.6,27.6,38684.52460875327,2.48782553461783,,4.221,18.841570228342555,12.498097162444832,11.8,25.869545808588786,27.781631883548457,,7.66358662,77.084,NOR,2003,TOT,495.0
NZL-2003,,5.7,,23990.07927547812,1.75357444759557,1.09454342737866,4.745,23.25711754854604,15.29451976757434,13.7,29.24813843407012,52.942916495970415,,5.82977486,86.221,NZL,2003,GIRL,516.0
CHL-2009,4.25475978851318,7.5,47.0,16118.376746500046,0.353045178360957,3.74254898595635,11.313,24.12031560390407,22.639841997385453,12.7,14.605860565337297,28.0864075950764,,3.37831378,87.017,CHL,2009,TOT,421.0
PRT-2006,4.90767002105713,3.4,38.1,24681.138102027213,3.1076654587105,,7.649,22.532853555224843,115.03539958456324,11.5,21.125162349926967,20.79028771572405,,5.93430281,58.137,PRT,2006,GIRL,459.0
TUR-2009,3.76504969596863,16.6,39.0,15442.731846018838,6.25097663090626,,14.026,22.2294039423981,93.60238816054468,2.4,18.073934946411395,17.70518966522758,,4.42291498,70.241,TUR,2009,TOT,445.0
DEU-2003,4.17101860046387,4.1,29.9,29909.675178467427,1.03422218628562,1.34854705026876,9.779,19.52332505866873,236.616427281328,14.4,10.998521412390293,14.401366528796547,,8.05197239,75.577,DEU,2003,GIRL,499.0
DEU-2015,4.85515022277832,3.3,31.4,47609.78100458156,0.514426137125456,0.830965265091444,4.624,20.01982697658434,234.1529868715244,13.3,11.4787289586211,16.79495869299789,12.14919,8.60692406,77.2,DEU,2015,GIRL,498.0
LUX-2003,4.86869335174561,3.1,30.2,60199.5387727809,2.04984030563518,0.664670439779196,3.675,21.04899755739128,175.4270798536392,15.3,24.63009612850921,28.61074543883737,,5.83644247,85.743,LUX,2003,GIRL,485.0
MEX-2018,4.2542200088501,12.6,46.7,21015.92575568151,4.89935015356551,29.5813706276697,3.275,23.047472792330385,63.79477918670748,5.4,12.712157296324468,37.703936915159744,,2.67172027,80.156,MEX,2018,GIRL,403.0
FIN-2015,7.03208017349243,2.0,27.1,42497.704978578295,-0.207928839905268,1.49649755696774,9.376,21.229983205998533,18.03011088809187,14.0,20.47070511152636,15.176583278390783,9.43487,7.577631,85.225,FIN,2015,TOT,511.0
IRL-2003,4.20493984222412,5.1,32.9,36284.92797691818,3.49048968029137,0.934649083475531,4.478,24.911072058199583,58.013078821309335,12.1,24.160739179045592,40.25844076124528,,5.51941919,59.925,IRL,2003,GIRL,495.0
HUN-2006,5.28974008560181,6.1,28.3,18382.558552413346,3.93032603841001,1.73012746018035,7.494,23.492232149396216,112.39113938176544,24.9,19.80970210851664,19.425190351466,,5.47047567,66.895,HUN,2006,GIRL,486.0
KOR-2009,3.91358160972595,3.7,,29508.381506061505,2.7564965449393,1.09550484406961,3.363,30.86709337065147,508.0139604368432,34.2,13.650964447851852,28.38339889251434,,3.42186928,81.835,KOR,2009,GIRL,544.0
SVK-2012,3.8590099811554,5.5,26.1,26994.05774963444,3.6061026352289,1.38650525527087,13.966,20.368513697293647,112.45173432041258,12.6,15.516106292830626,15.748077724984,,5.38078308,54.28,SVK,2012,GIRL,476.712
USA-2003,6.3286075592041,6.9,40.8,39490.27495570071,2.27009497336115,,5.989,21.62262062806869,31.664534617198143,11.7,9.39069910317543,50.1184235531497,,6.52333498,79.583,USA,2003,TOT,483.0
ESP-2018,4.1794900894165,2.7,34.7,40716.68076276311,1.6749813686379,0.617626377202637,15.255,19.43715999963451,93.66979207925012,7.8,14.225752351396634,20.657187544433388,,6.32118988,80.321,ESP,2018,GIRL,478.0
PRT-2018,4.67515993118286,2.9,33.5,34928.54353377464,0.993715683468326,0.787184634155941,6.994,17.522527230225666,112.26193595151388,11.7,22.65334670824727,24.14864573843988,,5.75663424,65.211,PRT,2018,BOY,497.0
SVN-2015,4.90953016281128,2.1,25.4,31628.247175832028,-0.525552285820877,0.961140142883094,8.997,18.65459030185361,102.44610924111088,21.0,18.49388307991727,9.661746578589716,11.57815,6.06387234,53.781,SVN,2015,TOT,510.0
PRT-2003,5.28152990341187,4.3,38.8,20852.147027689945,3.21899090682895,,6.132,23.76044290318819,114.30405464480874,11.9,19.88117057210492,20.172870952975146,,6.44214296,56.287,PRT,2003,GIRL,460.0
DEU-2012,4.92844009399414,3.4,31.1,43359.61482717231,2.00848884782956,0.808137138983971,5.379,20.32109306417125,230.75062546623056,12.9,11.622986110858156,16.09640737277509,,8.18770885,77.17,DEU,2012,TOT,514.0
